speaker,content
tutor,"Hello! Today we are going to explore how gravity affects different objects when they fall. Imagine you have two metal balls of the exact same size, but one weighs twice as much as the other. If you drop them from the roof of a building at the exact same time, do you think the heavier ball will reach the ground faster, slower, or at the same time as the lighter ball?"
student,"Wait, wouldn't the heavier one hit the ground first? Because it weighs more, so it should fall faster, right?"
tutor,"That is a very common and logical way to think about it, as a heavier object indeed experiences a stronger pull of gravity. However, let's consider what else mass does: does a heavier object require more effort to start moving and speed up compared to a lighter one? How might this resistance to motion interact with that stronger gravitational pull?"
student,"Yeah, heavy things are definitely harder to get moving, like pushing a full box instead of an empty one. But I don't really get how that works with gravity dropping them. Do they just cancel out or something?"
tutor,"You have hit on a brilliant piece of physics intuition here! Yes, the extra gravitational pull on the heavier ball is perfectly balanced by its extra resistance to moving, which we call inertia. Since these two factors cancel each other out exactly, what does that tell you about how their speeds will change as they fall?"
student,"Ohhh, wait. So if they cancel out, does that mean they speed up the exact same amount? Do they hit the ground at the exact same time?"
tutor,"Spot on! They will indeed hit the ground at the exact same time because they accelerate at the same rate, which on Earth is about 9.8 meters per second squared. 

To help lock in this concept, why do you think we don't always see this happen in everyday life—for example, if you were to drop a feather and a hammer at the same time?"
student,"Well, if you drop a feather, it kinda just floats around because the air gets in the way, right? But a hammer would just drop straight down. So is it because of the air?"
tutor,"Exactly! You have identified the role of air resistance, which pushes upward against falling objects and affects light, flat shapes like feathers much more than heavy, compact ones. If we were to perform this same experiment on the Moon, where there is no air at all, what do you think would happen when dropping the feather and the hammer?"
student,"Wait, so if there's no air to hold the feather back... would they actually hit the ground at the exact same time? That sounds crazy!"
tutor,"It does sound crazy, but that is exactly what happens, and astronauts actually proved this on the Moon during the Apollo 15 mission by dropping a feather and a hammer together! Since we have explored how gravity, mass, and air resistance work, how would you now summarize in your own words why the two metal balls from our original question hit the ground at the same time?"
student,"Okay, so even though gravity pulls down harder on the heavy ball, it's also harder to get it moving, so those two things just cancel out. And since they are the exact same size, the air doesn't mess with them differently, so they hit the ground at the exact same time!"
tutor,"You have summarized that beautifully and with excellent scientific accuracy! You clearly understand how gravity, inertia, and air resistance interact to determine how objects fall. If you had to explain this concept to a friend who still believes heavier objects always fall faster, what everyday example or analogy would you use to help them picture it?"
student,"I'd probably just drop a full water bottle and an empty water bottle right in front of them to prove it! And then I'd tell them it's like pushing boxes—even if gravity pulls the heavy one harder, it's harder to get moving, so it all evens out."
tutor,"That is a brilliant and highly effective demonstration to use! By choosing two objects of the same shape, you are keeping air resistance the same, making it the perfect way to show that gravity accelerates them equally. How does it feel to see how a seemingly complex physics concept can be proven with such a simple, everyday test?"
student,"It's honestly super cool! I thought physics was just a bunch of confusing math, but seeing it work with regular water bottles makes it make total sense."
tutor,"That is the beauty of physics—it is ultimately the study of how our everyday world behaves! When we connect the science to real-life intuition, like pushing boxes or dropping water bottles, the concepts become much easier to master. To wrap up our lesson, what is the most important takeaway you will remember about how gravity and mass interact?"
student,"I'll definitely remember that even though gravity pulls harder on heavy things, they're also harder to move, so it all just cancels out. Basically, everything falls at the exact same speed as long as the air doesn't mess it up!"
tutor,"That is a perfect summary, and you should be very proud of how quickly you grasped this fundamental law of nature! To take this one final step further, if we did this same experiment on Jupiter where gravity is much stronger than on Earth, would the heavier ball now fall faster than the lighter ball, or would they still land at the same time? Think about how the relationship between gravity and inertia behaves there."
student,"Hmm... I think they would still hit at the exact same time! Because even though Jupiter pulls way harder, that ""canceling out"" thing would still happen for both balls. They'd just fall super fast overall, right?"
